,ID,Tweet,Date Posted,Author ID,Liked,Reply,Retweet
0,1591977857664024576,Dont forget to donate to CIUT FM !!! The only radio station i know that doesn‚Äôt have commercials and constantly has spellbinding shows and programs throughout the week #collegeradio #toronto #canada #UofT #modern #listenersupported #spokenword #NewMusic2022,2022-11-14 02:14:33+00:00,smhimh,0,0,0
1,1591938939669352448,"Happy first day of snow to everyone in Toronto!!‚ùÑÔ∏è‚òÉÔ∏èü§ç

#TorontoWeather #snowfall #Weather #WINTER #uoft #relax #SnowFlake #MentalHealthAwareness #positive 

https://t.co/onJLVz44oK",2022-11-13 23:39:54+00:00,uoftmha,1,0,0
2,1591937427085598721,"How are we feeling on the last day of reading weeküò≠ Time flew by and I was extremely unproductive study-wise, but hey atleast I got a relaxing week to myself! ‚ù§Ô∏è 
#uoft #toronto #readingweek #student #studentlife #mentalhealth #studyspo #relax #positive https://t.co/UVJ6nuOeEC",2022-11-13 23:33:54+00:00,uoftmha,0,0,0
3,1591936122674085890,"#SelfCareSunday Since eating is an important part of self care, here‚Äôs a great list of quick and easy to make healthy breakfast recipes!ü•óü•™
DON‚ÄôT SKIP BREAKFAST GUYS‚ÄºÔ∏è
#selfcare #MentalHealthMatters #toronto #uoft #Food #breakfast 

https://t.co/0IXGUsN6CS",2022-11-13 23:28:43+00:00,uoftmha,0,0,0
4,1591925903936061440,"Faculty of Fall

15 sec mp4 720‚Ää√ó‚Ää1280 11.8 mb
üçÇüè´üçÇ
https://t.co/AAAhdva1Nb
üçÇüè´üçÇ
99/100 @ 3tez.
#RIPHEN #cleanNFT #tezoscommunity #tezosart #geometric #architecture #UofT @objktcom https://t.co/jePUFsWr8V",2022-11-13 22:48:06+00:00,michaelalstad,5,0,0
5,1591905583975829504,Congratulations to Dr. Jacque/line Lavallee ‚Äî one of our newest alums! ‚ù§Ô∏è#OISEGrad22 #UofT https://t.co/6BO6kQmXhR,2022-11-13 21:27:22+00:00,OISEAlumFriends,8,0,0
6,1591885148194508800,"Help us! We need your signature!
Meric Gertler: (University of Toronto) Make All Lectures Asynchronous - Sign the Petition! https://t.co/3zrKak2ZPo via CdnChange 

#UofT #UniversityOfToronto #OnlineClasses #Toronto #Canada #UniversityofToronto",2022-11-13 20:06:09+00:00,AllUoft,0,0,0
7,1591877597805260800,"Help us! We need your signature!
Meric Gertler: (University of Toronto) Make All Lectures Asynchronous - Sign the Petition! https://t.co/3zrKakk2Ro via CdnChange 

#UofT #UniversityOfToronto #OnlineClasses #Toronto #Canada #UniversityofToronto",2022-11-13 19:36:09+00:00,AllUoft,0,0,0
8,1591837122641567745,The Best of Ontario Educators 5 is out! - https://t.co/CoG7ItCggr Thanks to @HarpMaree @ScottPiatkowski @writerKait #uoft #onted,2022-11-13 16:55:19+00:00,dougpete,1,0,0
9,1591815674950737923,"Nov. 14-18 | Trans Awareness Week 

@UofTSGDO presents a number of events across all three #UofT campuses leading up to Trans Day of Remembrance. 

Check them out: https://t.co/YEaSDM46mi
#TDoR https://t.co/cA5AVtat8z",2022-11-13 15:30:06+00:00,UTM,6,0,1
10,1591731746332180483,The latest The Assured Janitorial - Mississauga Daily! https://t.co/1byGJpPR3M Thanks to @riannuzziGPC @JennieJareth @UofTNews #uoft #news,2022-11-13 09:56:35+00:00,AssuredBMI,0,0,0
11,1591688854159126529,"Help us! We need your signature!
Meric Gertler: (University of Toronto) Make All Lectures Asynchronous - Sign the Petition! https://t.co/3zrKak2ZPo via CdnChange 

#UofT #UniversityOfToronto #OnlineClasses #Toronto #Canada #UniversityofToronto",2022-11-13 07:06:09+00:00,AllUoft,0,0,0
12,1591681304386412545,"Help us! We need your signature!
Meric Gertler: (University of Toronto) Make All Lectures Asynchronous - Sign the Petition! https://t.co/3zrKakk2Ro via CdnChange 

#UofT #UniversityOfToronto #OnlineClasses #Toronto #Canada #UniversityofToronto",2022-11-13 06:36:09+00:00,AllUoft,0,0,0
13,1591606020912160768,"The third-annual Adams Sustainability Celebration is now on! The Celebration is a tribute to the growing community of sustainability-minded students, faculty, librarians and staff at #UofT. 
Check out upcoming events and activities ‚ôªÔ∏è https://t.co/nT2vKWxk9y",2022-11-13 01:37:00+00:00,UTM,1,0,0
14,1591526843597099009,Hey Floridians- why did you vote for oppressing women? #UF #USF #FSU #UofT #Stetson #Gators #Seminoles #Brady #Bucs #Jaguars #MiamiDolphins #orlandoMagic #Pulse #Disney #Westchase #Villages #A1 #Destin #Daytona #Ocala #Naples #Sarasota #KeyWest #Orlando #SpaceX #SpaceCoast #Jax https://t.co/b15NVlN0Pk,2022-11-12 20:22:23+00:00,AnamCara111,0,0,0
15,1591521012872802305,"First year University of Toronto and I'm loving it!!! City life, fast paced, and I have been offered an internship at Redlab!!
so to sum up my first semester, got the lead in a play for the drama department, got the job of the Mascot, and an internship!
#UofT #internship #still17",2022-11-12 19:59:13+00:00,itsathenapark,3,0,0
16,1591517841005633539,"We have brand new Tesla's available for sales no wait time!! 

Please PM for more info.

‚≠êÔ∏èLEASE ‚≠êÔ∏èFINANCE ‚≠êÔ∏è INTERNATIONAL STUDENT lease 100% APPROVAL ‚≠êÔ∏è BAD CREDIT 100% APPROVAL 
DIRECTÔºö(437) 371-1312 ÂæÆ‰ø°: qualityautomotive 

#Torontotesla #Scarborough #UofT #utsc",2022-11-12 19:46:36+00:00,Manhattanmotor_,0,0,0
17,1591517708080017408,"Did you know Philosopher's Walk is part of Toronto‚Äôs lost river system?üçÇ For thousands of years, the Taddle Creek Ravine carried glacial water and fish for Indigenous communities. Now it‚Äôs become a beautiful place to reconnect with nature in the heart of #UofT's campusü§é https://t.co/q3f0wfvg1P",2022-11-12 19:46:05+00:00,lifeatuoft,1,0,0
18,1591514115025301504,"Thanks to everyone who attended #AstronomyOnTapTO last night, and thanks to those who shared stories with us! We had so much fun learning and chatting about the cosmos with you. 

Stay tuned for our next space events! 

#UofT @UofT @UofTArtSci @AstronomyOnTap https://t.co/ADt5M9vxeN",2022-11-12 19:31:48+00:00,DunlapInstitute,6,2,2
19,1591507656417902592,"Help us! We need your signature!
Meric Gertler: (University of Toronto) Make All Lectures Asynchronous - Sign the Petition! https://t.co/3zrKak2ZPo via CdnChange 

#UofT #UniversityOfToronto #OnlineClasses #Toronto #Canada #UniversityofToronto",2022-11-12 19:06:08+00:00,AllUoft,0,0,0
20,1591500110227116032,"Help us! We need your signature!
Meric Gertler: (University of Toronto) Make All Lectures Asynchronous - Sign the Petition! https://t.co/3zrKakk2Ro via CdnChange 

#UofT #UniversityOfToronto #OnlineClasses #Toronto #Canada #UniversityofToronto",2022-11-12 18:36:09+00:00,AllUoft,1,0,0
21,1591491062928809984,"About 3,800 graduating students from #UTM and across #UofT attended ceremonies held this past week. 
Check out #UofTGrad22 photo highlights as we celebrate our newest graduates at fall convocation: https://t.co/itjr9atKzE

@uoftalumni @Alumni_UTM https://t.co/aI6S1VMsTr",2022-11-12 18:00:12+00:00,UTM,4,0,0
22,1591478286789791746,Come learn more about @utscartscicoop in the ARC #university #UofT #FallCampusDay https://t.co/RZOtjz5i4b,2022-11-12 17:09:26+00:00,Court_onCareers,0,0,0
23,1591476632409313280,"Are you feeling unmotivated? Fear not, the Academic Advising &amp; Career Centre is here to get you back on track!  Join us in person for our Study Skills Session on Goal-Setting &amp; Motivation!  Register on CLNX!

#utsc #student #studentlife #uoft #advice #motivation #university https://t.co/XQUmrhhVd5",2022-11-12 17:02:52+00:00,utscaacc,1,0,0
24,1591474913373724672,The Best of Ontario Educators 5 is out! - https://t.co/rBpGUcMrjI Thanks to @UTSC @ScottPiatkowski @Sabres_Science #uoft #onted,2022-11-12 16:56:02+00:00,dougpete,0,0,0
25,1591468362663600132,"Welcome to Joe's Basketball Diaries! An original #UofT talk series hosted by professor &amp; basketball fanatic @JosephWongUT. Think basketball meets world issues. 
Tune in on Wednesday, Nov. 16 for the season premiere on YouTube. üèÄ https://t.co/6OnxMNYwmw https://t.co/rhfzpaZ2kP",2022-11-12 16:30:00+00:00,UTM,3,0,0
26,1591464179172790273,It's Fall Campus Day @UTSC and I'm at the @utscartscicoop booth ready to answer questions about co-op. #utsc #scarbto #UofT #UofTGrad22 https://t.co/kwS0GQy63Z,2022-11-12 16:13:22+00:00,Court_onCareers,0,0,0
27,1591459173321306112,"Thank you for this honor #UofT and congratulations to my good friend #DarlyWilson.  

The day I stepped onto the campus changed my life. The wonderful friends I made at school #JuneLi #JohnVoss #SheilaMcMillan #DarylWilson #RandySi‚Ä¶https://t.co/V3QoZC2dWk https://t.co/xz2oFwBRHE",2022-11-12 15:53:29+00:00,amascarenhas3,0,0,0
28,1591458903715643393,"This #18yearold just got her #masters at #UofT. Very few knew how #young she really is
https://t.co/I7AHdwnQMt",2022-11-12 15:52:25+00:00,ChrJCarlson,0,0,0
29,1591450447864381444,"""Through prose, poetry &amp; photos, this collection of 1st-hand accounts documents the lived experiences of #homelessness, responses to #HousingCrisis &amp; #solutions to move Toronto forward. Authors argue convincingly for national #housing program. #UofT Press: https://t.co/GP9z9nySQg https://t.co/wIB8N96GFw",2022-11-12 15:18:49+00:00,radiogirl985,0,0,0
30,1591445790207234054,How can cities make green infrastructure the new normal? A new document offers a framework for policymakers to use nature to offer community services on a mass scale. https://t.co/uQ2zSj7Fwq #UTSC #UofT @UTSCresearch https://t.co/KJPoozCPGh,2022-11-12 15:00:18+00:00,UTSC,1,0,1
31,1591433430599884805,"This is huge! Immensely proud to be an alumn! üòç 

#sustainability #ranking #uoft 
https://t.co/dXy0fDFKTb",2022-11-12 14:11:11+00:00,PanchoCalderonP,0,0,0
32,1591422453443690496,"DM for;
#Onlineclass
#fallclasses
#Essay 
#PaperPay
#javascript
#Domyhomework
#Onlineclass 
#essaypay
#Math
#assignments 
#anatomy
#Coding 
#javascript 
#programming 
#RutgersPride
#umiami
#UofT
#UBC
#UniversityofSydney
#GigEm
#tufts
#GoFriars
#GoScots
#UVA
#AGTG",2022-11-12 13:27:34+00:00,FleekWriters,0,0,0
33,1591422204977508352,"Got a busy weekend schedule and have no time to submit your essays or assignments? Don't worry, just DM
#AGTG #UBuffalo #BatesCollege #tufts #ThomasCollege #PennNursing #GigEm #trinitycollege #Duke #AnchorDown #Cornell #ExecutiveEducation #UofT #UBC #UniversityofSydney",2022-11-12 13:26:35+00:00,FleekWriters,0,0,0
34,1591369357480919040,The latest The Assured Janitorial - Mississauga Daily! https://t.co/giohfoDjp5 Thanks to @millerd99 #uoft #news,2022-11-12 09:56:35+00:00,AssuredBMI,0,0,0
35,1591318915799400450,"Help us! We need your signature!
Meric Gertler: (University of Toronto) Make All Lectures Asynchronous - Sign the Petition! https://t.co/3zrKakk2Ro via CdnChange 

#UofT #UniversityOfToronto #OnlineClasses #Toronto #Canada #UniversityofToronto",2022-11-12 06:36:09+00:00,AllUoft,0,0,0
36,1591311366266445825,"Help us! We need your signature!
Meric Gertler: (University of Toronto) Make All Lectures Asynchronous - Sign the Petition! https://t.co/3zrKak2ZPo via CdnChange 

#UofT #UniversityOfToronto #OnlineClasses #Toronto #Canada #UniversityofToronto",2022-11-12 06:06:09+00:00,AllUoft,0,0,0
37,1591230315770662912,"Community members gathered at #UTM and across #UofT Friday to honour those who served and fell in the First and Second World Wars, as well as other conflicts.

Here is #RemembranceDay 2022 captured through the lenses of photographers at U of T: https://t.co/u9Xa6Q6tQX https://t.co/6UOMSyXXyF",2022-11-12 00:44:05+00:00,UTM,4,0,2
38,1591196676466909202,"Preparations are well under way for Astronomy on Tap this evening! 

Doors open at 7pm - remember that tickets are required! 

Address and other important info is at https://t.co/95GT0S6YYX

#AstronomyOnTapTO #UofT https://t.co/qCAUDPPH1H",2022-11-11 22:30:25+00:00,DunlapInstitute,1,0,0
39,1591196641876385792,"Dr. Baiju Shah has been appointed the inaugural @NovoNordiskCA Research Chair in Equitable Care of Diabetes and Related Conditions, as part of #UofT‚Äôs Novo Nordisk Network for Health Populations @UTM @uoftmedicine @UofT_dlsph.https://t.co/fzH9s57bO2 #UofTalumni",2022-11-11 22:30:17+00:00,uoftalumni,7,1,3
40,1591195878014201856,"The #UTSC Library will be closed Sunday, November 13 due to the planned power shutdown. 

More on library hours: https://t.co/j0y3GjK8Hv #ScarbTO #UofT https://t.co/PVfJkSWtcD",2022-11-11 22:27:14+00:00,UTSCLibrary,1,0,3
41,1591189895183470592,"#UofT Resolved: LISTSERV is now operational.
We apologize for the inconvenience and thank you for your patience. https://t.co/2FjI2gzVBe",2022-11-11 22:03:28+00:00,ITSUofT,0,0,0
42,1591189403824791552,"Community members gathered on #UofT‚Äôs three campuses Friday to honour those who served &amp; fell in the First &amp; Second World Wars, as well as other conflicts. #RemembranceDay https://t.co/Fz75lRpHBQ",2022-11-11 22:01:31+00:00,UofTNews,7,0,1
43,1591189349131255811,#UofT marks #RemembranceDay across its three campuses üíô https://t.co/HQiMD7uYRn https://t.co/TzU73doFFO,2022-11-11 22:01:18+00:00,UofT,32,3,7
44,1591185732655149056,"Students looking for study space are encouraged to visit the #UTSC Instructional Centre, Student Centre or Environmental Science &amp; Chemistry Building.

For ongoing campus status announcements, please visit: https://t.co/Xp3NkZw9JO #UofT #ScarbTO https://t.co/FoV20j9TGv",2022-11-11 21:46:56+00:00,UTSC,1,0,1
45,1591185721204908040,"On Sunday, November 13, we will be conducting our final planned shutdown of the school year from 7 a.m. to 7 p.m. https://t.co/0u5eOzqTcM

More below ‚§µÔ∏è1/3 #UTSC #UofT #ScarbTO https://t.co/Rffcx4JSqI",2022-11-11 21:46:53+00:00,UTSC,2,1,3
46,1591176622363004928,"Learn how #FIFSW‚Äôs gerontology field of study strengthened Ava Bowen‚Äôs efforts to improve care for older adults: https://t.co/RkLtQOt2rH
#UofT #SocialWork @MSW #UofTGrad22 https://t.co/GHsSwJPhQ5",2022-11-11 21:10:44+00:00,UofT_FIFSW,2,0,1
47,1591174175191748608,Researcher Ai Taniguchi from @utmlangstudies is using comics to share student stories about their lived experiences with language. #UofT https://t.co/eLCBz4MOiz,2022-11-11 21:01:00+00:00,UofTNews,8,0,0
48,1591173972460118016,"Learn more about initiatives to support migrant workers and ways to get involved ‚Äî Friday, Nov. 18, 12-1:30pm in the @harthouseuoft Music Room. Details here: https://t.co/gPcvB3PQyh #uoft https://t.co/EvSEAJ3ypY",2022-11-11 21:00:12+00:00,UofTStudentLife,0,0,0
49,1591159212066865152,President of the International Council of Nurses Annette Kennedy has received an honorary degree from #UofT in recognition of her dedicated and influential leadership in the nursing profession. https://t.co/qJxQDQMpsz #UofTalumni #UofTGrad22,2022-11-11 20:01:33+00:00,uoftalumni,4,0,2
50,1591159098418294784,"ACCESSIBILITY SERVICES REMINDER: Please register ASAP to ensure test or exam accommodations are in place for your December final exams, as well as quizzes, tests, midterms and online assessments: https://t.co/dhyUwiVkKO 
(üö® Deadline: Friday, November 18) #UofT https://t.co/IglrafBj81",2022-11-11 20:01:06+00:00,UofTStudentLife,2,0,1
51,1591156457256673280,"#UofT Scheduled (Nov 15, 2022, 12:00 EST): Please note that there will be scheduled maintenance on the ITS Private Cloud Storage Infrastructure on Tuesday, November 15, 2022 from 12:00pm to 5:00pm. 

No service interruption is expecte‚Ä¶ https://t.co/tRFQTE5yKK",2022-11-11 19:50:36+00:00,ITSUofT,0,0,0
52,1591152802868662273,Dr. Mary Jane Esplen closing the 2022 Faculty Development Day with highlights of academic promotion for @UofTSurgery faculty members #FDD2022 #UofT  #academicpromotion https://t.co/aevO5lYj17,2022-11-11 19:36:05+00:00,UofTSurgery,2,0,0
53,1591151301701865480,"üìÜ: ALUMNI CAREER CHATS are coming November 15-17, 2-3:30pm (online). Join #UofT alumni as they share career stories, experiences and challenges around the theme of equity in entrepreneurship. For details and registration, please visit https://t.co/wGRybDNcc1 https://t.co/Rro50IZpsy",2022-11-11 19:30:07+00:00,UofTStudentLife,1,0,0
54,1591146537497022464,"Fall Campus Day: Saturday, November 12, 2022
Why Choose Co-op?
‚Ä¢ A&amp;S Co-op Presentations in AC223 at 12pm &amp; 2pm
‚Ä¢ A&amp;S Info Booth in Highland Hall Event Centre from 11am - 3pm

Learn more and register at https://t.co/xQdA3Q2AQq

#UTSC #UofT #fallcampusday #CampusDay #cooplife https://t.co/VPsKrYftlS",2022-11-11 19:11:11+00:00,utscartscicoop,1,0,1
55,1591144056213901312,"Researcher Ai Taniguchi from @UTM uses comics to explore students' linguistic identities, lived experiences #UofT üó£Ô∏è https://t.co/JdHf8xmNXC https://t.co/3BESQFfe28",2022-11-11 19:01:19+00:00,UofT,15,0,4
56,1591143976886837248,"The revitalization of one of #UofT‚Äôs most significant heritage buildings ‚Äì University College ‚Äì is ‚Äúthoughtfully conceived‚Äù &amp; ‚Äúprecisely executed,‚Äù says Canadian Architect magazine. https://t.co/q8I8CAEcpm",2022-11-11 19:01:00+00:00,UofTNews,6,0,1
57,1591141481900752896,"Chat with Health &amp; Wellness peer supporters at the Waters Lounge, @WWCollege ‚Äî Friday, Nov. 18, 1-4pm. Sample what it feels like to access this kind of support, and grab some merch, snacks &amp; coffee. Learn more about the peer support service here: https://t.co/rMCNrNbx4N #UofT https://t.co/63A4izl3aH",2022-11-11 18:51:05+00:00,UofTStudentLife,1,0,0
58,1591128981843083266,"This Monday!

Join Prof. @BedardRubin @NDesRosiers (Principal, @MasseyCollege), Prof. @d_schneiderman, Prof. David Dyzenhaus, Dean Emeritus Robert J. Sharpe, and Prof. Emerita Lorraine Weinrib for a panel discussion. Moderated by Dean Jutta Brunn√©e.

https://t.co/AZvFYUg4Sf #UofT https://t.co/WVgKjUs1sL",2022-11-11 18:01:25+00:00,UTLaw,1,0,0
59,1591128683862949915,"Explore how spiritual well-being and mental health affect athletic performance ‚Äî Monday, Nov. 14, 6-8pm at @harthouseuoft. Please register here: https://t.co/Tqk7iQ0RWK #uoft https://t.co/QtEIIV1fVf",2022-11-11 18:00:14+00:00,UofTStudentLife,1,0,0
60,1591127025972285440,"#UofT libraries was honoured to place a wreath at Soldier‚Äôs Tower this morning alongside our university community.   

#LestWeForget #RemembranceDay https://t.co/PTUI4m62Ek",2022-11-11 17:53:39+00:00,uoftlibraries,11,1,5
61,1591122621797912577,"Help us! We need your signature!
Meric Gertler: (University of Toronto) Make All Lectures Asynchronous - Sign the Petition! https://t.co/3zrKak2ZPo via CdnChange 

#UofT #UniversityOfToronto #OnlineClasses #Toronto #Canada #UniversityofToronto",2022-11-11 17:36:09+00:00,AllUoft,0,0,0
62,1591115341719310336,"""Memory matters."" - @UTM Principal Alex Gillespie stresses the importance of #RemembranceDay by the flagpole in front of Davis Building. 

#LestWeForget #uoft https://t.co/FiPAFOcTau",2022-11-11 17:07:13+00:00,IMIUofT,16,0,4
63,1591115073157636097,"Help us! We need your signature!
Meric Gertler: (University of Toronto) Make All Lectures Asynchronous - Sign the Petition! https://t.co/3zrKakk2Ro via CdnChange 

#UofT #UniversityOfToronto #OnlineClasses #Toronto #Canada #UniversityofToronto",2022-11-11 17:06:09+00:00,AllUoft,0,0,0
64,1591113885251407873,'Thoughtfully conceived': #UofT's University College revitalization praised in Canadian Architect magazine üè´ https://t.co/VeoLhIEQZC https://t.co/4o1SIbvHtS,2022-11-11 17:01:26+00:00,UofT,16,0,4
65,1591113782298046464,"‚ÄúI was still working as a certified personal trainer full time when I started my undergraduate degree,‚Äù says #UofT's @KyleFarwell, who graduated this week from @UofTKPE. #UofTGrad22 https://t.co/ss3sIQHurt",2022-11-11 17:01:01+00:00,UofTNews,11,1,2
66,1591113603784052736,"Discover the benefits of restorative breath on your mental health, well-being and academics ‚Äî Tuesday, Nov. 16, 2:30-4pm (online): https://t.co/ewkXUCN6ml #UofT https://t.co/cApvE28Hsz",2022-11-11 17:00:19+00:00,UofTStudentLife,1,0,1
67,1591113525941846017,"4 talks. 1 roundtable discussion. A night of big ideas from four of #UofT‚Äôs great minds. 

On Nov. 30, join us for Big Ideas at U of T: Celebrating 50 Years of the Connaught Fund at Convocation Hall. 

Details &amp; free registration here: https://t.co/9XQHmnwx54 https://t.co/cfqbAnKLmp",2022-11-11 17:00:00+00:00,researchuoft,6,0,1
68,1591112348408090624,The Best of Ontario Educators 5 is out! - https://t.co/OBLYFo7iRy Thanks to @Sabres_Science @bonstewart @ScottPiatkowski #uoft #onted,2022-11-11 16:55:19+00:00,dougpete,0,0,0
69,1591109526186790912,"Accessibility Services: Join an informal space to connect and discuss topics relevant to your disability ‚Äî Wednesday, Nov. 16, 2-3pm (online). Details here: https://t.co/mroPHvfy26 #uoft https://t.co/laJMsp2NaY",2022-11-11 16:44:07+00:00,UofTStudentLife,9,0,3
70,1591108014370869249,Remembering those who died in wars today -- and also the public health &amp; health systems workforce that saved so many lives with their innovations. In #WW1 #UofT's Antitoxin Laboratory battled the diseases of trench warfare w/smallpox vax and by‚¨ÜÔ∏èproduction of tetanus antitoxin. https://t.co/Gszo8rxWIS,2022-11-11 16:38:06+00:00,SteiniBrown,23,0,10
71,1591107552531869696,"#UofT Investigating: We are investigating reports of some users having issues with Listserv.
We will provide more updates as they become available. https://t.co/TVBl7uIbXw",2022-11-11 16:36:16+00:00,ITSUofT,0,1,0
72,1591106186623193088,"Take a study break and play board games with friends! üé≤

üóìÔ∏è Nov. 12 &amp; 26 | 1:00 - 4:00pm
üìç #UofT Engineering &amp; Computer Science Library https://t.co/z6r5vW5QA5",2022-11-11 16:30:50+00:00,uoftlibraries,4,0,2
73,1591101748361703427,"üì¢ Calling all urban experts! School of Cities is seeking nominations and applications for Visiting Experts in 3 categories:

Apply before December 14 at: https://t.co/gLLZfMPjAG

#UrbanLeader #EarlyCareer #UofT #LeadershipMatters",2022-11-11 16:13:12+00:00,UofTCities,1,0,1
74,1591101560788234240,"Today, #UofT remembers those who sacrificed for us. #LestWeForget #RemembranceDay https://t.co/exOYE9vdcl",2022-11-11 16:12:27+00:00,uoftmagazine,3,0,1
75,1591088362416443392,"On #RemembranceDay, we honour our veterans, the fallen and all those who contributed to efforts to maintain peace, health &amp; security. Our School contributed to the war effort during #WWII in ways you may find interesting...1/4 #UofT",2022-11-11 15:20:01+00:00,UofT_dlsph,4,1,2
76,1591084860168228864,"Learn about your legal rights when applying for a job, accepting a job offer and leaving a job, and how to navigate potential situations with employers ‚Äî Wednesday, Nov. 16, 4:30-6pm (online). Details here: https://t.co/LKW7ssk1od #UofT https://t.co/2qYYwh5rI6",2022-11-11 15:06:06+00:00,UofTStudentLife,2,0,1
77,1591083667291787265,"#UofTGrad22: A former boxer &amp; fitness trainer, @UofTKPE grad finds his calling in academic research #UofT üìú https://t.co/42a6MwiDym https://t.co/M0DVeXHlGd",2022-11-11 15:01:21+00:00,UofT,11,1,2
78,1591083582059077632,"#UofTGrad22: Lashae Watson, who graduated this week from @VicCollege_UofT, wants to help create social change that is rooted in equity, diversity, inclusion &amp; access. #UofT https://t.co/6ffytzwi6o",2022-11-11 15:01:01+00:00,UofTNews,4,0,1
79,1591082400964300800,"November 11 is #RemembranceDay. It is a day to remember those who have fallen, reflect on the impact of armed conflict, and pay respect to veterans and soldiers for their contributions to protecting peace.

For more information, visit https://t.co/nMBt2EVRdOüìå

#utsc #uoft https://t.co/7YjuY5b5cw",2022-11-11 14:56:19+00:00,utscartscicoop,1,0,0
80,1591073314931445762,Watch #UofT's Soldiers' Tower virtual Service of Remembrance in one hour: https://t.co/qH4Zsh4sjS https://t.co/FHx19OQEi0,2022-11-11 14:20:13+00:00,UTLaw,0,0,0
81,1591071701437419521,"#UofT Scheduled (Nov 17, 2022, 01:05 EST): Quercus will be undergoing scheduled maintenance on Thursday, November 17, 2022 from 1:05 AM to 3:05 AM EDT. Users may experience a disruption in service for a few minutes during the maintena‚Ä¶ https://t.co/aOBb5NzAaR",2022-11-11 14:13:48+00:00,ITSUofT,0,0,0
82,1591068243292295168,"On Nov. 30, #UofT presents Big Ideas at U of T: Celebrating 50 Years of the Connaught Fund at Convocation Hall, an evening showcasing four cutting-edge researchers from across the disciplines. 

Details &amp; free registration here: https://t.co/9XQHmnO8tE https://t.co/BkvV2C5jpT",2022-11-11 14:00:04+00:00,researchuoft,0,0,0
83,1591068228867960832,What we think we like in a romantic partner ‚Äì and what we actually prefer ‚Äì don't always match up: #UofT study. https://t.co/iDG20wwZSC,2022-11-11 14:00:01+00:00,researchuoft,2,0,0
84,1591064059927212033,"""Hear from &amp; network with industry professionals &amp; #UofT alumni at this panel event. Students from all programs welcome. Details &amp; register:
https://t.co/kbDAu1zXz8
#Careers #Artists #music #industry #jobsearch https://t.co/PXRrWuK5FV",2022-11-11 13:43:27+00:00,radiogirl985,0,0,0
85,1591060839465111552,"Today at 10:20 am EST, join the #UofT community to watch the 2022 Service of Remembrance live online. Click the bell to be notified: https://t.co/YaQjccTZtF 

#RemembranceDay",2022-11-11 13:30:39+00:00,uoftalumni,17,0,14
86,1591054361429516288,"New to data visualization? Attend a workshop on Nov. 17 for an introduction to using Tableau Desktop &amp; learn how to create visualizations such as bar graphs, line graphs and scatter plots. https://t.co/liY16VdgA1 

@CRIS_UofT 

#DataVisualization #ProfessionalDevelopment #UofT https://t.co/807Ww6bIB0",2022-11-11 13:04:54+00:00,ITSUofT,2,0,1
87,1591006970600988673,The latest The Assured Janitorial - Mississauga Daily! https://t.co/nuNvxqQVJ7 Thanks to @amp6 #uoft #news,2022-11-11 09:56:35+00:00,AssuredBMI,0,0,0
88,1590995376357580800,@UofT @UofTNursing @uoftalumni @AnnetteMKennedy @ICNurses @LindaJUoT @global_uoft @researchuoft Fantastic so well deserved Annette and inspired #UofT,2022-11-11 09:10:31+00:00,AnneMar59910221,0,0,0
89,1590977547550216193,"Getting things done üë®‚Äçüéì 

#UofTGrad22 #UofT #Classof2022 #phdlife #PhDone #graduation #gradschool #DoctorWho #AcademicTwitter #Toronto #canada @UofT_IHPST @UofT @uoftmagazine https://t.co/jEUN7qUFjJ",2022-11-11 07:59:40+00:00,fsposin,26,1,2
90,1590941427038814209,"Help us! We need your signature!
Meric Gertler: (University of Toronto) Make All Lectures Asynchronous - Sign the Petition! https://t.co/3zrKak2ZPo via CdnChange 

#UofT #UniversityOfToronto #OnlineClasses #Toronto #Canada #UniversityofToronto",2022-11-11 05:36:09+00:00,AllUoft,0,0,0
91,1590926328563236864,"Help us! We need your signature!
Meric Gertler: (University of Toronto) Make All Lectures Asynchronous - Sign the Petition! https://t.co/3zrKakk2Ro via CdnChange 

#UofT #UniversityOfToronto #OnlineClasses #Toronto #Canada #UniversityofToronto",2022-11-11 04:36:09+00:00,AllUoft,0,0,0
92,1590895874523136000,"Q: I‚Äôm a utsc student in my 2nd year (social science), i wanna transfer to engineering at St. George, how hard would that be? Is it possible to still graduate in 4 years if I do that? What would the process be? Really appreciate the help!
A: https://t.co/gg3Oyq1v9k
#UofT #aska https://t.co/kUI4OKnYMT",2022-11-11 02:35:08+00:00,askastudentUofT,1,0,0
93,1590892951823355904,"Since 2020, #UofT contracted out cleaning in an additional 27 buildings at the St. George campus, cutting good jobs and creating more poverty-wage jobs.

Does that sound like ""equity, fairness and justice?"" #PractiseWhatYouTeach
https://t.co/7bf8GNqGGQ",2022-11-11 02:23:31+00:00,sbacentre,4,0,1
94,1590890525774974976,"Great opportunity (and weather) to learn about the tectonics of Olympos!

And, of course, look around the ancient city!

#UofT #earthsciences #geology #turkey #geosciences #geoscienceeducation #fieldtrip #fieldwork https://t.co/tSrvKQn7DK",2022-11-11 02:13:53+00:00,UofTEarthSci,4,0,0
95,1590883872027598850,"Recently published: A mathematical framework to understanding why #PhD students in #gradschool consider/end up quitting.üòô
#Engineering #education #UofTEngineering #UofT 

Full article here: https://t.co/kmDwSk5k2o https://t.co/gluABshb4W",2022-11-11 01:47:26+00:00,sourojeet,0,0,0
96,1590883568099762176,"Recently published: A mathematical framework to understanding why #PhD students in #gradschool consider/end up quitting.üòô
#Engineering #education #UofTEngineering #UofT 

Full article here: 10.21767/2049-5471.22.19.38 https://t.co/nlKVadLdza",2022-11-11 01:46:14+00:00,sourojeet,0,0,0
97,1590875152988114945,"Life can be challenging but there are resources available to help see you through hard times. #UofT

üíô Good2Talk Helpline: 1-866-925-5454

üíô#ScarbTO Mobile Crisis Unit: 416-495-2891

üíô #UTSC @wellnessUTSC

More info: https://t.co/YeOD91Ij9B https://t.co/Msad8z5XBY",2022-11-11 01:12:48+00:00,UTSC,2,0,1
98,1590862298620436480,"Watch LIVE on YouTube: Contemporary Indigenous Performance and Artist Discussion with @redskyperform‚Äôs executive and artistic director, Sandra¬†Laronde (Misko Kizhigoo Migizii Kwe). #uoft 

https://t.co/veljErFg3r",2022-11-11 00:21:43+00:00,UofTDaniels,1,0,0
99,1590833628271226880,Wake up #Canada #Vancouver #LongCovid #UBC #UofT #SFU #bcpoli #cdnpoli #COVID #COVIDIsAirborne #Covid19 https://t.co/lXSLUBCimz #,2022-11-10 22:27:47+00:00,PeterTell3,1,0,0
